{
  "106.75.49.110:8099": 1.144766092300415,
  "47.254.36.213:1081": 2.577329158782959,
  "8.220.205.172:9098": 2.330510139465332,
  "60.174.167.40:4999": 1.5045890808105469,
  "8.209.96.245:3128": 3.1048669815063477
}