{
  "106.75.49.110:8099": 1.144766092300415,
  "47.254.36.213:1081": 2.577329158782959,
  "8.220.205.172:9098": 2.330510139465332,
  "60.174.167.40:4999": 1.5045890808105469,
  "8.209.96.245:3128": 3.1048669815063477,
  "152.228.154.20:80": 0.5542635917663574,
  "103.113.3.240:3128": 1.5110712051391602,
  "143.42.66.91:80": 0.7562074661254883,
  "202.61.204.51:80": 2.194556951522827,
  "8.221.138.111:46691": 2.352944850921631,
  "47.250.11.111:3129": 3.9165377616882324,
  "209.97.149.157:80": 7.902053594589233,
  "125.125.131.13:8085": 1.203479290008545,
  "218.75.224.4:3309": 1.3108150959014893,
  "222.59.173.105:45012": 1.8001878261566162,
  "47.252.18.37:3129": 2.6370697021484375,
  "8.211.195.173:5060": 2.366556167602539,
  "42.117.243.39:16000": 3.2573232650756836
}